{"LoanAmountSummary":{"Minimum":97.0,"Maximum":999539.0,"Average":504220.272,"Median":413463.0,"Sum":504220272},"InterestSummary":{"Minimum":2.0,"Maximum":4.99,"Average":3.504060000000006,"Median":4.44,"Sum":3504.06000000000631189323030412197113037109375},"AppraiseSummary":{"Minimum":43254.0,"Maximum":1987010.0,"Average":1004087.165,"Median":549215.0,"Sum":1004087165}}