{"HI":{"LoanAmountSummary":{"Minimum":21153.0,"Maximum":980009.0,"Average":2.1680730491949713E-6,"Median":392449.0,"Sum":1.3107189E7},"InterestSummary":{"Minimum":2.26,"Maximum":4.87,"Average":0.2838317283324886,"Median":880978.0,"Sum":103.02},"AppraiseSummary":{"Minimum":162819.0,"Maximum":1767574.0,"Average":1.0496329433597072E-6,"Median":880978.0,"Sum":2.7435912E7}},"DE":{"LoanAmountSummary":{"Minimum":59441.0,"Maximum":968777.0,"Average":1.9301556629181664E-6,"Median":440933.0,"Sum":7405935.0},"InterestSummary":{"Minimum":2.19,"Maximum":4.64,"Average":0.31076581576026635,"Median":1165582.0,"Sum":48.34},"AppraiseSummary":{"Minimum":590533.0,"Maximum":1819189.0,"Average":8.350509536162597E-7,"Median":1165582.0,"Sum":1.7517579E7}},"TX":{"LoanAmountSummary":{"Minimum":97.0,"Maximum":976732.0,"Average":1.8130709360377583E-6,"Median":626609.0,"Sum":1.1761195E7},"InterestSummary":{"Minimum":2.09,"Maximum":4.88,"Average":0.3003003003003003,"Median":1110820.0,"Sum":70.27},"AppraiseSummary":{"Minimum":230170.0,"Maximum":1670233.0,"Average":9.327571630153577E-7,"Median":1110820.0,"Sum":2.2404078E7}},"MA":{"LoanAmountSummary":{"Minimum":19372.0,"Maximum":977846.0,"Average":1.8083128140059856E-6,"Median":678575.0,"Sum":9167761.0},"InterestSummary":{"Minimum":2.02,"Maximum":4.99,"Average":0.29047250193648333,"Median":1110924.0,"Sum":53.830000000000005},"AppraiseSummary":{"Minimum":358783.0,"Maximum":1947006.0,"Average":9.389041311281021E-7,"Median":1110924.0,"Sum":1.7595967E7}},"MD":{"LoanAmountSummary":{"Minimum":23848.0,"Maximum":995130.0,"Average":1.6777629301241346E-6,"Median":711335.0,"Sum":1.0409026E7},"InterestSummary":{"Minimum":2.24,"Maximum":4.95,"Average":0.3055905087183175,"Median":1187008.0,"Sum":59.49999999999999},"AppraiseSummary":{"Minimum":249096.0,"Maximum":1765072.0,"Average":9.494857920063126E-7,"Median":1187008.0,"Sum":1.9161166E7}},"IA":{"LoanAmountSummary":{"Minimum":26561.0,"Maximum":981518.0,"Average":2.1872602929140944E-6,"Median":461918.0,"Sum":1.1363313E7},"InterestSummary":{"Minimum":2.14,"Maximum":4.98,"Average":0.276143594669228,"Median":969831.0,"Sum":85.48},"AppraiseSummary":{"Minimum":351776.0,"Maximum":1872813.0,"Average":1.0039580829167235E-6,"Median":969831.0,"Sum":2.4070581E7}},"ME":{"LoanAmountSummary":{"Minimum":53364.0,"Maximum":926184.0,"Average":1.8515396698546065E-6,"Median":523589.0,"Sum":1.1865501E7},"InterestSummary":{"Minimum":2.03,"Maximum":4.69,"Average":0.31019202363367804,"Median":985096.0,"Sum":69.74},"AppraiseSummary":{"Minimum":314034.0,"Maximum":1620798.0,"Average":1.0251504554743475E-6,"Median":985096.0,"Sum":2.1952902E7}},"ID":{"LoanAmountSummary":{"Minimum":18094.0,"Maximum":878906.0,"Average":2.195832052431303E-6,"Median":460642.0,"Sum":8372917.0},"InterestSummary":{"Minimum":2.01,"Maximum":4.71,"Average":0.3017930055032842,"Median":1064309.0,"Sum":59.27},"AppraiseSummary":{"Minimum":191434.0,"Maximum":1713847.0,"Average":1.0498693499351025E-6,"Median":1064309.0,"Sum":1.7818858E7}},"MI":{"LoanAmountSummary":{"Minimum":22244.0,"Maximum":980424.0,"Average":2.466919973664259E-6,"Median":366054.0,"Sum":7563824.0},"InterestSummary":{"Minimum":2.01,"Maximum":4.89,"Average":0.28085504758932756,"Median":746886.0,"Sum":68.6},"AppraiseSummary":{"Minimum":170376.0,"Maximum":1775606.0,"Average":1.1514263133536347E-6,"Median":746886.0,"Sum":1.6058353E7}},"UT":{"LoanAmountSummary":{"Minimum":68300.0,"Maximum":917299.0,"Average":1.8328815280366723E-6,"Median":584650.0,"Sum":1.2587608E7},"InterestSummary":{"Minimum":2.05,"Maximum":4.87,"Average":0.2819428424964757,"Median":1054831.0,"Sum":80.61},"AppraiseSummary":{"Minimum":497943.0,"Maximum":1655183.0,"Average":9.468065163011678E-7,"Median":1054831.0,"Sum":2.4400194E7}},"MN":{"LoanAmountSummary":{"Minimum":8506.0,"Maximum":959897.0,"Average":2.152290632700268E-6,"Median":587156.0,"Sum":7823027.0},"InterestSummary":{"Minimum":2.0,"Maximum":4.94,"Average":0.30006001200240046,"Median":958519.0,"Sum":53.67},"AppraiseSummary":{"Minimum":43254.0,"Maximum":1579927.0,"Average":1.0711003556767248E-6,"Median":958519.0,"Sum":1.5176534E7}},"MO":{"LoanAmountSummary":{"Minimum":25345.0,"Maximum":959360.0,"Average":1.8144090020813992E-6,"Median":525148.0,"Sum":1.1399383E7},"InterestSummary":{"Minimum":2.31,"Maximum":4.77,"Average":0.27913468248429874,"Median":956881.0,"Sum":74.05},"AppraiseSummary":{"Minimum":185542.0,"Maximum":1705563.0,"Average":1.0510451645668712E-6,"Median":956881.0,"Sum":2.0173884E7}},"IL":{"LoanAmountSummary":{"Minimum":2969.0,"Maximum":946438.0,"Average":1.6548296928574033E-6,"Median":689896.0,"Sum":1.4679402E7},"InterestSummary":{"Minimum":2.0,"Maximum":4.98,"Average":0.2855443188578228,"Median":1128257.0,"Sum":89.02999999999999},"AppraiseSummary":{"Minimum":289026.0,"Maximum":1903992.0,"Average":8.839094016434233E-7,"Median":1128257.0,"Sum":2.7946335E7}},"IN":{"LoanAmountSummary":{"Minimum":50481.0,"Maximum":891498.0,"Average":2.3411559568433776E-6,"Median":445861.0,"Sum":8851985.0},"InterestSummary":{"Minimum":2.09,"Maximum":4.69,"Average":0.28185729120308556,"Median":1268083.0,"Sum":71.4},"AppraiseSummary":{"Minimum":170194.0,"Maximum":1689893.0,"Average":9.612789259579967E-7,"Median":1268083.0,"Sum":2.1455228E7}},"MS":{"LoanAmountSummary":{"Minimum":11875.0,"Maximum":960924.0,"Average":3.5496615397721828E-6,"Median":275736.0,"Sum":5186679.0},"InterestSummary":{"Minimum":2.04,"Maximum":4.64,"Average":0.29673590504451036,"Median":756038.0,"Sum":52.870000000000005},"AppraiseSummary":{"Minimum":211418.0,"Maximum":1471665.0,"Average":1.4616187681204187E-6,"Median":756038.0,"Sum":1.1734259E7}},"MT":{"LoanAmountSummary":{"Minimum":27157.0,"Maximum":886911.0,"Average":2.2037462584520556E-6,"Median":501765.0,"Sum":7757140.0},"InterestSummary":{"Minimum":2.19,"Maximum":4.91,"Average":0.2901704751541531,"Median":1035371.0,"Sum":58.31999999999999},"AppraiseSummary":{"Minimum":173672.0,"Maximum":1560223.0,"Average":1.0022045367920248E-6,"Median":1035371.0,"Sum":1.737722E7}},"AK":{"LoanAmountSummary":{"Minimum":3849.0,"Maximum":994712.0,"Average":1.676382420381055E-6,"Median":738413.0,"Sum":1.5907777E7},"InterestSummary":{"Minimum":2.04,"Maximum":4.85,"Average":0.3106747856343979,"Median":1098731.0,"Sum":83.21000000000001},"AppraiseSummary":{"Minimum":469916.0,"Maximum":1926975.0,"Average":8.813782923225075E-7,"Median":1098731.0,"Sum":3.0104447E7}},"VA":{"LoanAmountSummary":{"Minimum":2228.0,"Maximum":999539.0,"Average":1.8191845457400443E-6,"Median":635540.0,"Sum":1.0614627E7},"InterestSummary":{"Minimum":2.04,"Maximum":4.83,"Average":0.28349746344374815,"Median":1034037.0,"Sum":70.1},"AppraiseSummary":{"Minimum":460519.0,"Maximum":1747432.0,"Average":9.377606295907702E-7,"Median":1034037.0,"Sum":2.1263518E7}},"AL":{"LoanAmountSummary":{"Minimum":97.0,"Maximum":956158.0,"Average":2.5194635558196948E-6,"Median":333852.0,"Sum":7394120.0},"InterestSummary":{"Minimum":2.03,"Maximum":4.88,"Average":0.2708396027685826,"Median":1064819.0,"Sum":70.03},"AppraiseSummary":{"Minimum":230170.0,"Maximum":1743768.0,"Average":1.0481295255175867E-6,"Median":1064819.0,"Sum":1.7733573E7}},"AR":{"LoanAmountSummary":{"Minimum":44185.0,"Maximum":909811.0,"Average":2.2040879660323596E-6,"Median":489368.0,"Sum":7715347.0},"InterestSummary":{"Minimum":2.04,"Maximum":4.99,"Average":0.2786550250789523,"Median":1051783.0,"Sum":58.589999999999996},"AppraiseSummary":{"Minimum":330901.0,"Maximum":1566136.0,"Average":1.0281619733471628E-6,"Median":1051783.0,"Sum":1.5793049E7}},"NC":{"LoanAmountSummary":{"Minimum":11342.0,"Maximum":974880.0,"Average":2.606301933823909E-6,"Median":293422.0,"Sum":7693520.0},"InterestSummary":{"Minimum":2.05,"Maximum":4.89,"Average":0.28062298302230954,"Median":837052.0,"Sum":74.2},"AppraiseSummary":{"Minimum":131856.0,"Maximum":1655781.0,"Average":1.1296627465298313E-6,"Median":837052.0,"Sum":1.8091313E7}},"ND":{"LoanAmountSummary":{"Minimum":26887.0,"Maximum":991683.0,"Average":1.7892719014261482E-6,"Median":574717.0,"Sum":1.1348464E7},